bytes,avg_ms
8,7
72,6
136,7
200,6
264,8
328,9
392,7
456,10
520,7
584,7
648,7
712,7
776,6
840,6
904,9
968,6
1032,7
1096,10
1160,7
1224,7
1288,6
1352,8
1416,6
1480,6
1544,7
1608,9
1672,6
1736,9
1800,7
1864,8
1928,9
1992,8
2056,11
2120,5
2184,9
2248,5
2312,5
2376,5
2440,5
2504,7
2568,8
2632,5
2696,6
2760,5
2824,6
2888,6
2952,7
3016,6
3080,6
3144,7
3208,13
3272,13
3336,11
3400,7
3464,5
3528,6
3592,6
3656,7
3720,9
3784,8
3848,9
3912,7
3976,6
4040,6
4104,6
4168,6
4232,8
4296,7
4360,7
4424,5
4488,6
4552,6
4616,6
4680,5
4744,11
4808,6
4872,9
4936,6
5000,4
5064,5
5128,5
5192,8
5256,7
5320,7
5384,8
5448,7
5512,7
5576,6
5640,6
5704,7
5768,8
5832,7
5896,7
5960,7
6024,9
6088,6
6152,6
6216,8
6280,10
6344,8
6408,8
6472,7
6536,60
6600,18
6664,10
6728,9
6792,9
6856,10
6920,9
6984,11
7048,8
7112,7
7176,9
7240,8
7304,7
7368,8
7432,8
7496,10
7560,6
7624,9
7688,8
7752,13
7816,7
7880,7
7944,6
8008,7
8072,8
8136,9
8200,8
8264,7
8328,8
8392,7
8456,6
8520,11
8584,7
8648,9
8712,8
8776,8
8840,8
8904,7
8968,7
9032,8
9096,7
9160,6
9224,7
9288,10
9352,6
9416,6
9480,9
9544,8
9608,8
9672,6
9736,6
9800,7
9864,7
9928,12
9992,11
10056,11
10120,9
10184,8
10248,7
10312,10
10376,8
10440,16
10504,13
10568,10
10632,6
10696,11
10760,15
10824,21
10888,12
10952,13
11016,31
11080,21
11144,18
11208,10
11272,9
11336,8
11400,10
11464,11
11528,16
11592,12
11656,17
11720,13
11784,9
11848,8
11912,9
11976,9
12040,10
12104,11
12168,10
12232,11
12296,8
12360,8
12424,8
12488,7
12552,6
12616,7
12680,8
12744,7
12808,8
12872,6
12936,6
13000,7
13064,7
13128,6
13192,7
13256,8
13320,7
13384,6
13448,6
13512,6
13576,5
13640,9
13704,7
13768,6
13832,5
13896,6
13960,9
14024,8
14088,7
14152,8
14216,7
14280,8
14344,8
14408,18
14472,11
14536,8
14600,6
14664,7
14728,6
14792,6
14856,7
14920,7
14984,6
15048,8
15112,6
15176,7
15240,11
15304,6
15368,7
15432,6
15496,7
15560,7
15624,7
15688,7
15752,8
15816,7
15880,11
15944,16
16008,13
16072,8
16136,9
16200,10
16264,11
16328,13
16392,16
16456,17
16520,14
16584,15
16648,15
16712,10
16776,13
16840,7
16904,7
16968,8
17032,10
17096,11
17160,12
17224,9
17288,8
17352,8
17416,9
17480,7
17544,8
17608,11
17672,9
17736,8
17800,12
17864,7
17928,7
17992,7
18056,7
18120,6
18184,8
18248,7
18312,7
18376,11
18440,7
18504,12
18568,13
18632,11
18696,8
18760,7
18824,7
18888,7
18952,7
19016,7
19080,10
19144,7
19208,7
19272,7
19336,7
19400,7
19464,7
19528,7
19592,8
19656,7
19720,14
19784,16
19848,18
19912,14
19976,11
20040,12
20104,9
20168,7
20232,7
20296,7
20360,12
20424,7
20488,7
20552,8
20616,8
20680,7
20744,7
20808,8
20872,7
20936,7
21000,7
21064,7
21128,11
21192,8
21256,7
21320,7
21384,7
21448,7
21512,7
21576,7
21640,7
21704,7
21768,9
21832,8
21896,10
21960,7
22024,7
22088,9
22152,8
22216,7
22280,7
22344,7
22408,7
22472,7
22536,7
22600,7
22664,12
22728,8
22792,8
22856,9
22920,8
22984,9
23048,9
23112,7
23176,8
23240,8
23304,9
23368,10
23432,8
23496,8
23560,8
23624,7
23688,8
23752,7
23816,7
23880,6
23944,8
24008,8
24072,8
24136,12
24200,8
24264,7
24328,8
24392,7
24456,8
24520,8
24584,8
24648,7
24712,17
24776,20
24840,16
24904,14
24968,14
25032,14
25096,16
25160,19
25224,17
25288,16
25352,14
25416,15
25480,9
25544,7
25608,10
25672,8
25736,7
25800,8
25864,8
25928,8
25992,8
26056,8
26120,9
26184,10
26248,8
26312,8
26376,11
26440,9
26504,12
26568,9
26632,11
26696,10
26760,10
26824,10
26888,8
26952,12
27016,9
27080,8
27144,7
27208,9
27272,8
27336,8
27400,8
27464,8
27528,8
27592,8
27656,11
27720,7
27784,9
27848,8
27912,9
27976,9
28040,8
28104,8
28168,10
28232,15
28296,20
28360,15
28424,13
28488,15
28552,15
28616,8
28680,8
28744,12
28808,8
28872,8
28936,8
29000,7
29064,8
29128,7
29192,7
29256,7
29320,7
29384,9
29448,9
29512,10
29576,9
29640,8
29704,8
29768,8
29832,8
29896,9
29960,8
30024,8
30088,8
30152,11
30216,9
30280,8
30344,8
30408,8
30472,8
30536,9
30600,8
30664,9
30728,9
30792,9
30856,13
30920,8
30984,8
31048,8
31112,9
31176,8
31240,8
31304,8
31368,8
31432,8
31496,8
31560,12
31624,8
31688,8
31752,9
31816,8
31880,8
31944,9
32008,8
32072,8
32136,8
32200,10
32264,9
32328,10
32392,9
32456,8
32520,8
32584,8
32648,9
32712,8
32776,8
32840,8
32904,14
32968,10
33032,10
33096,9
33160,9
33224,9
33288,9
33352,9
33416,9
33480,8
33544,13
33608,9
33672,9
33736,8
33800,9
33864,8
33928,9
33992,12
34056,8
34120,8
34184,12
34248,8
34312,11
34376,8
34440,8
34504,9
34568,9
34632,9
34696,9
34760,8
34824,12
34888,8
34952,9
35016,9
35080,9
35144,9
35208,10
35272,8
35336,8
35400,8
35464,12
35528,9
35592,10
35656,9
35720,8
35784,9
35848,9
35912,9
35976,8
36040,8
36104,12
36168,9
36232,8
36296,9
36360,9
36424,9
36488,8
36552,8
36616,8
36680,10
36744,10
36808,11
36872,8
36936,9
37000,9
37064,9
37128,9
37192,9
37256,9
37320,8
37384,8
37448,12
37512,9
37576,9
37640,9
37704,9
37768,9
37832,9
37896,9
37960,8
38024,9
38088,13
38152,10
38216,9
38280,9
38344,9
38408,9
38472,11
38536,9
38600,9
38664,9
38728,14
38792,9
38856,9
38920,10
38984,10
39048,9
39112,9
39176,9
39240,9
39304,12
39368,10
39432,9
39496,11
39560,10
39624,9
39688,9
39752,9
39816,8
39880,9
39944,15
40008,9
40072,9
40136,9
40200,9
40264,9
40328,9
40392,11
40456,15
40520,18
40584,14
40648,15
40712,16
40776,13
40840,9
40904,9
40968,12
41032,9
41096,9
41160,9
41224,9
41288,9
41352,9
41416,10
41480,8
41544,8
41608,14
41672,9
41736,10
41800,11
41864,9
41928,9
41992,12
42056,9
42120,9
42184,12
42248,9
42312,9
42376,9
42440,9
42504,9
42568,9
42632,10
42696,10
42760,12
42824,12
42888,12
42952,12
43016,10
43080,10
43144,10
43208,9
43272,9
43336,13
43400,9
43464,9
43528,9
43592,9
43656,9
43720,10
43784,10
43848,11
43912,10
43976,13
44040,11
44104,8
44168,10
44232,10
44296,9
44360,9
44424,11
44488,9
44552,13
44616,9
44680,9
44744,9
44808,10
44872,9
44936,9
45000,9
45064,10
45128,14
45192,11
45256,11
45320,9
45384,11
45448,10
45512,12
45576,9
45640,9
45704,14
45768,9
45832,9
45896,9
45960,10
46024,10
46088,9
46152,10
46216,10
46280,13
46344,10
46408,9
46472,10
46536,10
46600,10
46664,10
46728,10
46792,10
46856,13
46920,11
46984,11
47048,10
47112,10
47176,10
47240,11
47304,9
47368,9
47432,22
47496,17
47560,10
47624,11
47688,10
47752,9
47816,10
47880,9
47944,13
48008,9
48072,10
48136,9
48200,11
48264,10
48328,11
48392,10
48456,11
48520,14
48584,9
48648,9
48712,9
48776,11
48840,9
48904,9
48968,9
49032,10
49096,14
49160,9
49224,9
49288,9
49352,9
49416,9
49480,9
49544,10
49608,9
49672,10
49736,15
49800,17
49864,11
49928,10
49992,10
50056,10
50120,10
50184,9
50248,13
50312,9
50376,9
50440,10
50504,9
50568,9
50632,9
50696,10
50760,10
50824,14
50888,11
50952,10
51016,9
51080,10
51144,10
51208,10
51272,10
51336,11
51400,15
51464,13
51528,9
51592,10
51656,11
51720,9
51784,9
51848,9
51912,11
51976,13
52040,11
52104,11
52168,10
52232,9
52296,11
52360,9
52424,11
52488,14
52552,10
52616,9
52680,10
52744,10
52808,10
52872,10
52936,10
53000,11
53064,14
53128,10
53192,10
53256,10
53320,10
53384,11
53448,10
53512,10
53576,16
53640,9
53704,10
53768,11
53832,11
53896,10
53960,10
54024,11
54088,12
54152,15
54216,11
54280,11
54344,13
54408,13
54472,12
54536,12
54600,11
54664,12
54728,9
54792,13
54856,10
54920,10
54984,11
55048,14
55112,25
55176,18
55240,18
55304,18
55368,15
55432,24
55496,20
55560,18
55624,17
55688,14
55752,10
55816,12
55880,14
55944,13
56008,10
56072,10
56136,12
56200,12
56264,10
56328,14
56392,10
56456,10
56520,10
56584,11
56648,10
56712,10
56776,12
56840,10
56904,15
56968,10
57032,10
57096,10
57160,10
57224,10
57288,10
57352,11
57416,11
57480,14
57544,10
57608,11
57672,10
57736,10
57800,13
57864,10
57928,12
57992,16
58056,11
58120,10
58184,11
58248,14
58312,10
58376,11
58440,13
58504,14
58568,11
58632,14
58696,11
58760,10
58824,10
58888,12
58952,10
59016,13
59080,10
59144,10
59208,9
59272,11
59336,10
59400,10
59464,10
59528,10
59592,13
59656,11
59720,11
59784,10
59848,10
59912,13
59976,12
60040,11
60104,19
60168,12
60232,10
60296,10
60360,11
60424,10
60488,10
60552,11
60616,15
60680,11
60744,11
60808,11
60872,11
60936,12
61000,13
61064,13
61128,14
61192,11
61256,13
61320,12
61384,19
61448,16
61512,18
61576,15
61640,12
61704,10
61768,10
61832,10
61896,11
61960,13
62024,13
62088,11
62152,11
62216,11
62280,11
62344,11
62408,14
62472,21
62536,18
62600,17
62664,17
62728,20
62792,17
62856,17
62920,17
62984,18
63048,19
63112,11
63176,12
63240,14
63304,10
63368,11
63432,11
63496,10
63560,11
63624,11
63688,11
63752,15
63816,12
63880,10
63944,11
64008,10
64072,11
64136,20
64200,16
64264,12
64328,13
64392,13
64456,13
64520,14
64584,10
64648,17
64712,11
64776,12
64840,11
64904,12
64968,12
65032,12
65096,11
65160,15
65224,11
65288,13
65352,12
65416,12
65480,12
65544,11
65608,15
65672,13
65736,11
65800,12
65864,12
65928,13
65992,12
66056,11
66120,15
66184,11
66248,12
66312,12
66376,11
66440,11
66504,11
66568,13
66632,14
66696,11
66760,12
66824,12
66888,11
66952,11
67016,13
67080,17
67144,12
67208,12
67272,11
67336,12
67400,12
67464,11
67528,12
67592,15
67656,11
67720,11
67784,12
67848,12
67912,10
67976,11
68040,14
68104,13
68168,11
68232,13
68296,12
68360,12
68424,12
68488,12
68552,17
68616,11
68680,11
68744,11
68808,12
68872,10
68936,11
69000,11
69064,16
69128,11
69192,12
69256,12
69320,11
69384,12
69448,12
69512,15
69576,13
69640,12
69704,11
69768,12
69832,11
69896,11
69960,12
70024,16
70088,27
70152,17
70216,13
70280,13
70344,14
70408,14
70472,13
70536,12
70600,13
70664,11
70728,11
70792,18
70856,13
70920,11
70984,12
71048,12
71112,12
71176,14
71240,12
71304,17
71368,13
71432,12
71496,14
71560,12
71624,11
71688,12
71752,16
71816,12
71880,13
71944,14
72008,12
72072,12
72136,11
72200,17
72264,11
72328,12
72392,13
72456,12
72520,14
72584,11
72648,14
72712,14
72776,12
72840,12
72904,15
72968,14
73032,15
73096,16
73160,14
73224,14
73288,19
73352,15
73416,17
73480,19
73544,14
73608,17
73672,11
73736,14
73800,14
73864,14
73928,14
73992,12
74056,11
74120,12
74184,12
74248,18
74312,19
74376,21
74440,21
74504,20
74568,19
74632,20
74696,20
74760,25
74824,18
74888,12
74952,15
75016,11
75080,15
75144,18
75208,14
75272,11
75336,14
75400,17
75464,14
75528,12
75592,13
75656,12
75720,11
75784,14
75848,16
75912,12
75976,11
76040,13
76104,11
76168,12
76232,13
76296,17
76360,12
76424,12
76488,13
76552,11
76616,11
76680,11
76744,16
76808,16
76872,13
76936,13
77000,12
77064,12
77128,12
77192,16
77256,11
77320,11
77384,13
77448,13
77512,15
77576,13
77640,19
77704,13
77768,17
77832,14
77896,13
77960,12
78024,17
78088,16
78152,13
78216,18
78280,17
78344,15
78408,15
78472,14
78536,13
78600,12
78664,12
78728,13
78792,13
78856,13
78920,15
78984,14
79048,17
79112,15
79176,14
79240,13
79304,16
79368,13
79432,14
79496,14
79560,15
79624,13
79688,17
79752,15
79816,14
79880,12
79944,16
80008,15
80072,14
80136,16
80200,12
80264,16
80328,12
80392,12
80456,13
80520,12
80584,18
80648,14
80712,14
80776,13
80840,17
80904,13
80968,18
81032,14
81096,13
81160,13
81224,13
81288,14
81352,17
81416,21
81480,13
81544,14
81608,12
81672,13
81736,12
81800,16
81864,13
81928,13
81992,12
82056,13
82120,12
82184,12
82248,17
82312,14
82376,16
82440,17
82504,17
82568,11
82632,17
82696,24
82760,12
82824,13
82888,13
82952,14
83016,18
83080,14
83144,14
83208,12
83272,16
83336,14
83400,15
83464,15
83528,12
83592,13
83656,14
83720,12
83784,13
83848,17
83912,13
83976,13
84040,13
84104,13
84168,15
84232,13
84296,18
84360,13
84424,12
84488,13
84552,14
84616,13
84680,14
84744,16
84808,13
84872,15
84936,13
85000,19
85064,14
85128,14
85192,12
85256,12
85320,15
85384,14
85448,14
85512,16
85576,13
85640,12
85704,13
85768,12
85832,13
85896,14
85960,18
86024,14
86088,13
86152,14
86216,14
86280,13
86344,19
86408,13
86472,15
86536,13
86600,12
86664,13
86728,13
86792,20
86856,14
86920,12
86984,12
87048,13
87112,14
87176,14
87240,15
87304,14
87368,12
87432,13
87496,18
87560,13
87624,19
87688,14
87752,12
87816,13
87880,13
87944,13
88008,15
88072,16
88136,12
88200,13
88264,13
88328,14
88392,13
88456,16
88520,19
88584,12
88648,14
88712,12
88776,12
88840,12
88904,19
88968,15
89032,14
89096,13
89160,13
89224,12
89288,14
89352,19
89416,14
89480,12
89544,15
89608,13
89672,13
89736,18
89800,13
89864,14
89928,12
89992,12
90056,14
90120,15
90184,17
90248,16
90312,15
90376,14
90440,15
90504,16
90568,15
90632,13
90696,17
90760,15
90824,14
90888,13
90952,18
91016,14
91080,15
91144,13
91208,13
91272,14
91336,17
91400,13
91464,12
91528,13
91592,13
91656,15
91720,19
91784,18
91848,15
91912,18
91976,15
92040,18
92104,17
92168,12
92232,12
92296,12
92360,12
92424,13
92488,13
92552,16
92616,16
92680,13
92744,14
92808,14
92872,19
92936,22
93000,17
93064,21
93128,22
93192,15
93256,17
93320,14
93384,13
93448,13
93512,13
93576,12
93640,15
93704,17
93768,13
93832,13
93896,15
93960,14
94024,15
94088,18
94152,15
94216,13
94280,13
94344,14
94408,13
94472,17
94536,14
94600,16
94664,18
94728,14
94792,13
94856,18
94920,14
94984,16
95048,17
95112,14
95176,15
95240,19
95304,17
95368,16
95432,15
95496,14
95560,15
95624,18
95688,16
95752,14
95816,14
95880,15
95944,16
96008,19
96072,14
96136,14
96200,14
96264,15
96328,14
96392,19
96456,16
96520,15
96584,18
96648,16
96712,13
96776,18
96840,13
96904,15
96968,13
97032,14
97096,14
97160,16
97224,16
97288,13
97352,13
97416,14
97480,15
97544,14
97608,17
97672,13
97736,14
97800,15
97864,15
97928,15
97992,19
98056,14
98120,13
98184,13
98248,13
98312,13
98376,14
98440,18
98504,14
98568,13
98632,13
98696,15
98760,15
98824,18
98888,14
98952,13
99016,13
99080,12
99144,40
99208,38
99272,16
99336,19
99400,17
99464,20
99528,18
99592,16
99656,16
99720,19
99784,20
99848,15
99912,22
99976,16
100040,18
100104,17
100168,13
100232,16
100296,15
100360,16
100424,26
100488,25
100552,20
100616,23
100680,27
100744,22
100808,22
100872,21
100936,18
101000,19
101064,16
101128,14
101192,15
101256,13
101320,13
101384,19
101448,13
101512,13
101576,14
101640,14
101704,15
101768,22
101832,14
101896,18
101960,14
102024,16
102088,14
102152,18
102216,14
102280,13
102344,13
102408,14
102472,15
102536,17
102600,14
102664,13
102728,13
102792,14
102856,16
102920,18
102984,14
103048,14
103112,14
103176,13
103240,13
103304,13
103368,19
103432,14
103496,14
103560,14
103624,15
103688,14
103752,18
103816,15
103880,14
103944,16
104008,13
104072,15
104136,20
104200,16
104264,14
104328,15
104392,15
104456,15
104520,18
104584,19
104648,15
104712,14
104776,14
104840,15
104904,20
104968,14
105032,13
105096,14
105160,13
105224,14
105288,19
105352,14
105416,14
105480,15
105544,15
105608,16
105672,19
105736,15
105800,18
105864,15
105928,17
105992,14
106056,19
106120,17
106184,15
106248,14
106312,14
106376,21
106440,15
106504,14
106568,14
106632,14
106696,15
106760,15
106824,17
106888,14
106952,15
107016,15
107080,15
107144,15
107208,18
107272,14
107336,15
107400,16
107464,16
107528,18
107592,17
107656,15
107720,19
107784,15
107848,15
107912,20
107976,18
108040,18
108104,17
108168,18
108232,17
108296,18
108360,13
108424,13
108488,12
108552,13
108616,13
108680,18
108744,13
108808,14
108872,16
108936,15
109000,22
109064,25
109128,20
109192,21
109256,26
109320,25
109384,22
109448,21
109512,18
109576,20
109640,16
109704,16
109768,15
109832,16
109896,16
109960,21
110024,17
110088,15
110152,15
110216,14
110280,26
110344,15
110408,15
110472,17
110536,15
110600,16
110664,18
110728,15
110792,16
110856,16
110920,15
110984,20
111048,15
111112,15
111176,15
111240,18
111304,15
111368,19
111432,17
111496,16
111560,17
111624,15
111688,16
111752,19
111816,15
111880,16
111944,14
112008,18
112072,22
112136,17
112200,17
112264,18
112328,15
112392,18
112456,15
112520,14
112584,15
112648,16
112712,15
112776,20
112840,21
112904,18
112968,19
113032,22
113096,22
113160,23
113224,24
113288,18
113352,20
113416,16
113480,17
113544,16
113608,18
113672,22
113736,21
113800,16
113864,17
113928,18
113992,18
114056,17
114120,15
114184,17
114248,16
114312,17
114376,20
114440,15
114504,14
114568,14
114632,15
114696,14
114760,19
114824,15
114888,19
114952,15
115016,15
115080,16
115144,18
115208,14
115272,16
115336,16
115400,18
115464,19
115528,17
115592,18
115656,15
115720,14
115784,17
115848,20
115912,17
115976,17
116040,15
116104,15
116168,20
116232,15
116296,16
116360,15
116424,14
116488,14
116552,19
116616,15
116680,16
116744,15
116808,17
116872,17
116936,21
117000,18
117064,14
117128,14
117192,14
117256,14
117320,18
117384,17
117448,15
117512,15
117576,16
117640,21
117704,17
117768,15
117832,15
117896,16
117960,15
118024,20
118088,16
118152,15
118216,16
118280,14
118344,19
118408,19
118472,15
118536,16
118600,16
118664,16
118728,19
118792,15
118856,17
118920,15
118984,15
119048,15
119112,22
119176,15
119240,15
119304,14
119368,16
119432,16
119496,19
119560,17
119624,16
119688,17
119752,15
119816,20
119880,16
119944,18
120008,15
120072,14
120136,15
120200,20
120264,19
120328,16
120392,17
120456,17
120520,20
120584,16
120648,15
120712,14
120776,15
120840,16
120904,21
120968,17
121032,15
121096,15
121160,15
121224,15
121288,20
121352,17
121416,15
121480,15
121544,15
121608,22
121672,14
121736,15
121800,15
121864,17
121928,16
121992,20
122056,15
122120,15
122184,16
122248,14
122312,15
122376,19
122440,17
122504,20
122568,17
122632,15
122696,21
122760,15
122824,15
122888,14
122952,15
123016,17
123080,18
123144,17
123208,15
123272,16
123336,16
123400,19
123464,15
123528,14
123592,15
123656,15
123720,21
123784,21
123848,15
123912,15
123976,16
124040,14
124104,21
124168,15
124232,15
124296,15
124360,15
124424,14
124488,19
124552,15
124616,16
124680,19
124744,16
124808,15
124872,18
124936,17
125000,15
125064,17
125128,16
125192,23
125256,16
125320,20
125384,19
125448,16
125512,20
125576,17
125640,17
125704,13
125768,14
125832,15
125896,19
125960,15
126024,14
126088,15
126152,15
126216,16
126280,20
126344,18
126408,15
126472,17
126536,16
126600,19
126664,15
126728,15
126792,15
126856,15
126920,15
126984,19
127048,16
127112,17
127176,16
127240,18
127304,21
127368,17
127432,16
127496,15
127560,15
127624,18
127688,20
127752,16
127816,16
127880,15
127944,15
128008,16
128072,20
128136,15
128200,15
128264,19
128328,17
128392,41
128456,16
128520,15
128584,16
128648,21
128712,20
128776,24
128840,15
128904,16
128968,20
129032,18
129096,16
129160,16
129224,25
129288,20
129352,19
129416,20
129480,18
129544,18
129608,19
129672,15
129736,15
129800,15
129864,17
129928,18
129992,18
130056,15
130120,16
130184,16
130248,17
130312,20
130376,17
130440,15
130504,16
130568,15
130632,16
130696,20
130760,16
130824,15
130888,17
130952,18
131016,20
131080,17
131144,16
131208,19
131272,16
131336,22
131400,16
131464,15
131528,16
131592,17
131656,16
131720,20
131784,15
131848,15
131912,16
131976,16
132040,22
132104,16
132168,15
132232,17
132296,16
132360,15
132424,21
132488,16
132552,17
132616,16
132680,16
132744,20
132808,17
132872,15
132936,16
133000,17
133064,18
133128,19
133192,17
133256,16
133320,16
133384,20
133448,26
133512,20
133576,16
133640,14
133704,15
133768,19
133832,16
133896,15
133960,17
134024,16
134088,21
134152,17
134216,19
134280,18
134344,16
134408,18
134472,19
134536,16
134600,17
134664,15
134728,15
134792,19
134856,16
134920,17
134984,16
135048,16
135112,20
135176,17
135240,16
135304,15
135368,17
135432,15
135496,22
135560,16
135624,17
135688,15
135752,16
135816,20
135880,15
135944,16
136008,16
136072,18
136136,16
136200,22
136264,15
136328,16
136392,16
136456,16
136520,20
136584,22
136648,17
136712,16
136776,17
136840,20
136904,18
136968,17
137032,16
137096,16
137160,22
137224,18
137288,18
137352,16
137416,16
137480,16
137544,22
137608,16
137672,16
137736,16
137800,15
137864,21
137928,17
137992,17
138056,16
138120,16
138184,19
138248,21
138312,16
138376,16
138440,16
138504,18
138568,20
138632,17
138696,16
138760,16
138824,18
138888,21
138952,16
139016,16
139080,17
139144,17
139208,22
139272,17
139336,17
139400,16
139464,19
139528,20
139592,17
139656,18
139720,16
139784,17
139848,18
139912,24
139976,19
140040,19
140104,16
140168,15
140232,19
140296,15
140360,21
140424,20
140488,17
140552,20
140616,16
140680,17
140744,18
140808,16
140872,20
140936,18
141000,16
141064,16
141128,16
141192,16
141256,22
141320,16
141384,17
141448,18
141512,16
141576,21
141640,17
141704,19
141768,19
141832,16
141896,23
141960,16
142024,17
142088,17
142152,18
142216,21
142280,16
142344,17
142408,16
142472,17
142536,21
142600,16
142664,16
142728,17
142792,18
142856,21
142920,18
142984,16
143048,16
143112,16
143176,17
143240,23
143304,17
143368,20
143432,17
143496,16
143560,22
143624,16
143688,15
143752,18
143816,17
143880,21
143944,18
144008,16
144072,17
144136,17
144200,19
144264,19
144328,16
144392,16
144456,17
144520,18
144584,23
144648,17
144712,18
144776,18
144840,16
144904,22
144968,17
145032,16
145096,16
145160,16
145224,21
145288,18
145352,16
145416,16
145480,16
145544,21
145608,16
145672,17
145736,17
145800,19
145864,17
145928,19
145992,16
146056,16
146120,20
146184,17
146248,23
146312,24
146376,24
146440,22
146504,21
146568,15
146632,16
146696,16
146760,16
146824,17
146888,19
146952,19
147016,17
147080,16
147144,19
147208,24
147272,19
147336,17
147400,18
147464,18
147528,20
147592,17
147656,17
147720,20
147784,18
147848,20
147912,18
147976,16
148040,19
148104,21
148168,18
148232,17
148296,17
148360,17
148424,17
148488,21
148552,17
148616,18
148680,20
148744,17
148808,21
148872,16
148936,18
149000,17
149064,18
149128,21
149192,16
149256,17
149320,17
149384,18
149448,21
149512,19
149576,19
149640,18
149704,17
149768,21
149832,17
149896,16
149960,16
150024,17
150088,21
150152,17
150216,17
150280,18
150344,17
150408,19
150472,22
150536,17
150600,19
150664,17
150728,23
150792,22
150856,18
150920,17
150984,22
151048,21
151112,18
151176,16
151240,18
151304,18
151368,22
151432,17
151496,17
151560,16
151624,17
151688,20
151752,18
151816,19
151880,16
151944,17
152008,24
152072,17
152136,21
152200,18
152264,17
152328,22
152392,16
152456,17
152520,17
152584,17
152648,19
152712,19
152776,18
152840,18
152904,17
152968,18
153032,21
153096,21
153160,21
153224,27
153288,25
153352,21
153416,17
153480,16
153544,18
153608,18
153672,17
153736,16
153800,17
153864,17
153928,21
153992,17
154056,18
154120,17
154184,21
154248,24
154312,19
154376,20
154440,18
154504,20
154568,19
154632,18
154696,17
154760,19
154824,18
154888,21
154952,19
155016,18
155080,16
155144,21
155208,21
155272,20
155336,18
155400,21
155464,21
155528,18
155592,17
155656,18
155720,17
155784,24
155848,17
155912,17
155976,17
156040,17
156104,24
156168,19
156232,17
156296,18
156360,19
156424,22
156488,18
156552,19
156616,17
156680,17
156744,22
156808,20
156872,19
156936,18
157000,17
157064,22
157128,17
157192,18
157256,19
157320,18
157384,22
157448,17
157512,19
157576,18
157640,19
157704,21
157768,19
157832,19
157896,17
157960,20
158024,20
158088,18
158152,17
158216,18
158280,18
158344,22
158408,18
158472,19
158536,18
158600,20
158664,20
158728,24
158792,18
158856,19
158920,22
158984,21
159048,20
159112,17
159176,31
159240,18
159304,18
159368,17
159432,20
159496,26
159560,19
159624,20
159688,19
159752,20
159816,21
159880,18
159944,18
160008,19
160072,22
160136,19
160200,18
160264,18
160328,43
160392,59
160456,20
160520,23
160584,20
160648,28
160712,36
160776,24
160840,18
160904,16
160968,17
161032,23
161096,19
161160,17
161224,18
161288,27
161352,29
161416,27
161480,23
161544,23
161608,18
161672,18
161736,20
161800,24
161864,21
161928,17
161992,18
162056,20
162120,25
162184,18
162248,20
162312,18
162376,20
162440,24
162504,20
162568,18
162632,18
162696,23
162760,20
162824,19
162888,18
162952,19
163016,24
163080,26
163144,21
163208,19
163272,24
163336,19
163400,18
163464,21
163528,17
163592,23
163656,18
163720,18
163784,22
163848,25
163912,22
163976,19
164040,18
164104,21
164168,24
164232,20
164296,18
164360,19
164424,23
164488,18
164552,18
164616,18
164680,18
164744,21
164808,20
164872,18
164936,19
165000,18
165064,24
165128,18
165192,20
165256,18
165320,18
165384,23
165448,19
165512,19
165576,22
165640,23
165704,23
165768,23
165832,19
165896,19
165960,22
166024,19
166088,20
166152,18
166216,22
166280,20
166344,21
166408,32
166472,19
166536,26
166600,24
166664,20
166728,20
166792,22
166856,18
166920,19
166984,17
167048,25
167112,24
167176,23
167240,20
167304,29
167368,23
167432,19
167496,19
167560,20
167624,23
167688,19
167752,18
167816,19
167880,27
167944,18
168008,19
168072,22
168136,21
168200,23
168264,20
168328,21
168392,19
168456,24
168520,21
168584,21
168648,20
168712,22
168776,18
168840,19
168904,20
168968,22
169032,24
169096,21
169160,18
169224,20
169288,23
169352,21
169416,21
169480,21
169544,23
169608,33
169672,21
169736,21
169800,22
169864,20
169928,21
169992,20
170056,21
170120,23
170184,18
170248,19
170312,20
170376,23
170440,23
170504,19
170568,19
170632,18
170696,22
170760,19
170824,26
170888,22
170952,25
171016,19
171080,18
171144,18
171208,19
171272,23
171336,20
171400,20
171464,19
171528,20
171592,22
171656,20
171720,19
171784,22
171848,29
171912,36
171976,26
172040,23
172104,18
172168,17
172232,23
172296,28
172360,24
172424,26
172488,24
172552,23
172616,18
172680,24
172744,23
172808,20
172872,21
172936,18
173000,19
173064,21
173128,24
173192,21
173256,20
173320,19
173384,18
173448,24
173512,19
173576,19
173640,19
173704,26
173768,19
173832,19
173896,18
173960,18
174024,27
174088,18
174152,18
174216,18
174280,28
174344,19
174408,19
174472,21
174536,19
174600,22
174664,19
174728,24
174792,22
174856,23
174920,23
174984,19
175048,24
175112,22
175176,20
175240,19
175304,18
175368,25
175432,27
175496,21
175560,22
175624,19
175688,23
175752,22
175816,20
175880,21
175944,26
176008,47
176072,29
176136,23
176200,47
176264,21
176328,23
176392,29
176456,20
176520,20
176584,25
176648,21
176712,21
176776,18
176840,22
176904,23
176968,21
177032,19
177096,19
177160,25
177224,19
177288,19
177352,20
177416,25
177480,22
177544,21
177608,19
177672,19
177736,24
177800,21
177864,19
177928,19
177992,24
178056,23
178120,20
178184,27
178248,30
178312,28
178376,22
178440,18
178504,27
178568,19
178632,18
178696,22
178760,33
178824,28
178888,40
178952,24
179016,19
179080,19
179144,50
179208,22
179272,20
179336,23
179400,24
179464,23
179528,23
179592,19
179656,19
179720,24
179784,20
179848,19
179912,19
179976,25
180040,19
180104,20
180168,19
180232,23
180296,24
180360,19
180424,18
180488,19
180552,23
180616,23
180680,20
180744,19
180808,20
180872,22
180936,21
181000,19
181064,20
181128,24
181192,19
181256,19
181320,19
181384,19
181448,28
181512,19
181576,19
181640,19
181704,32
181768,49
181832,23
181896,24
181960,25
182024,19
182088,21
182152,25
182216,21
182280,20
182344,23
182408,26
182472,22
182536,29
182600,20
182664,24
182728,20
182792,20
182856,19
182920,29
182984,21
183048,19
183112,19
183176,21
183240,29
183304,25
183368,20
183432,28
183496,20
183560,22
183624,30
183688,31
183752,23
183816,19
183880,48
183944,21
184008,20
184072,23
184136,24
184200,21
184264,24
184328,19
184392,28
184456,20
184520,20
184584,20
184648,23
184712,25
184776,22
184840,20
184904,20
184968,33
185032,20
185096,19
185160,20
185224,24
185288,19
185352,19
185416,19
185480,26
185544,29
185608,20
185672,20
185736,24
185800,19
185864,27
185928,25
185992,24
186056,20
186120,20
186184,19
186248,21
186312,24
186376,27
186440,20
186504,25
186568,22
186632,21
186696,26
186760,28
186824,23
186888,20
186952,27
187016,24
187080,20
187144,20
187208,19
187272,19
187336,24
187400,20
187464,19
187528,23
187592,24
187656,20
187720,19
187784,20
187848,21
187912,23
187976,20
188040,20
188104,20
188168,24
188232,20
188296,20
188360,22
188424,25
188488,21
188552,20
188616,24
188680,23
188744,26
188808,27
188872,20
188936,24
189000,20
189064,20
189128,19
189192,19
189256,25
189320,29
189384,19
189448,19
189512,23
189576,19
189640,22
189704,21
189768,24
189832,23
189896,22
189960,20
190024,24
190088,22
190152,21
190216,19
190280,19
190344,24
190408,19
190472,20
190536,20
190600,26
190664,21
190728,22
190792,21
190856,27
190920,22
190984,22
191048,22
191112,21
191176,24
191240,21
191304,20
191368,21
191432,24
191496,20
191560,20
191624,26
191688,24
191752,20
191816,19
191880,21
191944,23
192008,20
192072,24
192136,19
192200,21
192264,23
192328,20
192392,20
192456,20
192520,25
192584,20
192648,19
192712,21
192776,25
192840,20
192904,22
192968,20
193032,22
193096,20
193160,20
193224,19
193288,20
193352,23
193416,20
193480,20
193544,20
193608,24
193672,19
193736,22
193800,20
193864,22
193928,22
193992,19
194056,19
194120,19
194184,24
194248,24
194312,20
194376,19
194440,25
194504,20
194568,20
194632,54
194696,21
194760,20
194824,21
194888,20
194952,25
195016,24
195080,29
195144,25
195208,21
195272,46
195336,27
195400,20
195464,24
195528,20
195592,23
195656,21
195720,21
195784,19
195848,20
195912,24
195976,25
196040,21
196104,20
196168,24
196232,29
196296,20
196360,20
196424,25
196488,19
196552,24
196616,21
196680,24
196744,20
196808,20
196872,20
196936,29
197000,20
197064,26
197128,47
197192,24
197256,21
197320,21
197384,28
197448,29
197512,23
197576,21
197640,27
197704,20
197768,20
197832,20
197896,27
197960,20
198024,26
198088,23
198152,27
198216,20
198280,23
198344,22
198408,25
198472,25
198536,20
198600,24
198664,31
198728,22
198792,22
198856,25
198920,22
198984,21
199048,22
199112,30
199176,20
199240,22
199304,30
199368,25
199432,21
199496,21
199560,20
199624,24
199688,20
199752,20
199816,20
199880,20
199944,25
200008,22
200072,37
200136,25
200200,22
200264,27
200328,27
200392,24
200456,20
200520,22
200584,20
200648,24
200712,20
200776,20
200840,25
200904,28
200968,22
201032,20
201096,21
201160,25
201224,21
201288,21
201352,29
201416,27
201480,20
201544,20
201608,20
201672,23
201736,22
201800,20
201864,20
201928,20
201992,25
202056,24
202120,21
202184,27
202248,25
202312,22
202376,20
202440,21
202504,25
202568,21
202632,29
202696,21
202760,28
202824,21
202888,22
202952,21
203016,25
203080,22
203144,20
203208,24
203272,24
203336,20
203400,20
203464,20
203528,24
203592,20
203656,24
203720,22
203784,30
203848,21
203912,23
203976,20
204040,24
204104,22
204168,21
204232,20
204296,26
204360,25
204424,21
204488,21
204552,21
204616,24
204680,21
204744,21
204808,21
204872,25
204936,20
205000,21
205064,23
205128,25
205192,26
205256,21
205320,20
205384,31
205448,21
205512,20
205576,21
205640,24
205704,21
205768,21
205832,21
205896,24
205960,24
206024,24
206088,21
206152,23
206216,29
206280,21
206344,22
206408,25
206472,24
206536,21
206600,22
206664,23
206728,25
206792,28
206856,22
206920,25
206984,21
207048,21
207112,21
207176,29
207240,23
207304,22
207368,22
207432,25
207496,25
207560,23
207624,22
207688,29
207752,20
207816,24
207880,20
207944,23
208008,22
208072,66
208136,59
208200,21
208264,25
208328,22
208392,25
208456,23
208520,26
208584,21
208648,25
208712,24
208776,26
208840,21
208904,22
208968,22
209032,25
209096,22
209160,25
209224,35
209288,24
209352,22
209416,29
209480,31
209544,41
209608,24
209672,25
209736,21
209800,20
209864,33
209928,30
209992,21
210056,21
210120,24
210184,22
210248,29
210312,22
210376,26
210440,23
210504,22
210568,22
210632,27
210696,25
210760,21
210824,22
210888,28
210952,23
211016,24
211080,21
211144,27
211208,24
211272,22
211336,22
211400,26
211464,21
211528,21
211592,22
211656,26
211720,22
211784,21
211848,21
211912,26
211976,22
212040,24
212104,22
212168,27
212232,25
212296,29
212360,23
212424,28
212488,26
212552,23
212616,30
212680,31
212744,27
212808,25
212872,25
212936,23
213000,25
213064,29
213128,22
213192,22
213256,23
213320,26
213384,22
213448,23
213512,22
213576,26
213640,23
213704,23
213768,22
213832,28
213896,24
213960,22
214024,22
214088,26
214152,21
214216,26
214280,22
214344,26
214408,23
214472,21
214536,23
214600,27
214664,21
214728,22
214792,21
214856,26
214920,24
214984,22
215048,24
215112,28
215176,21
215240,25
215304,25
215368,25
215432,29
215496,27
215560,36
215624,22
215688,22
215752,24
215816,25
215880,24
215944,23
216008,24
216072,23
216136,23
216200,30
216264,30
216328,23
216392,22
216456,23
216520,26
216584,28
216648,23
216712,25
216776,27
216840,25
216904,25
216968,28
217032,56
217096,34
217160,26
217224,23
217288,23
217352,29
217416,22
217480,23
217544,23
217608,28
217672,28
217736,24
217800,22
217864,26
217928,22
217992,22
218056,23
218120,26
218184,24
218248,25
218312,21
218376,29
218440,25
218504,23
218568,25
218632,42
218696,24
218760,23
218824,27
218888,26
218952,23
219016,26
219080,23
219144,22
219208,22
219272,26
219336,22
219400,24
219464,23
219528,26
219592,23
219656,22
219720,52
219784,24
219848,22
219912,22
219976,26
220040,26
220104,23
220168,23
220232,26
220296,23
220360,22
220424,24
220488,32
220552,22
220616,26
220680,26
220744,22
220808,22
220872,22
220936,27
221000,25
221064,23
221128,23
221192,34
221256,24
221320,26
221384,26
221448,46
221512,22
221576,28
221640,23
221704,26
221768,25
221832,26
221896,23
221960,23
222024,22
222088,33
222152,24
222216,24
222280,29
222344,49
222408,25
222472,26
222536,22
222600,30
222664,23
222728,25
222792,23
222856,24
222920,23
222984,25
223048,22
223112,22
223176,25
223240,24
223304,23
223368,23
223432,31
223496,28
223560,23
223624,24
223688,28
223752,25
223816,23
223880,32
223944,23
224008,26
224072,53
224136,24
224200,23
224264,23
224328,32
224392,27
224456,28
224520,32
224584,27
224648,30
224712,30
224776,30
224840,28
224904,35
224968,36
225032,28
225096,38
225160,27
225224,26
225288,30
225352,29
225416,28
225480,29
225544,32
225608,28
225672,27
225736,32
225800,30
225864,27
225928,33
225992,28
226056,31
226120,32
226184,29
226248,27
226312,28
226376,25
226440,27
226504,29
226568,32
226632,28
226696,26
226760,34
226824,29
226888,29
226952,35
227016,28
227080,26
227144,30
227208,30
227272,40
227336,38
227400,31
227464,28
227528,33
227592,27
227656,32
227720,35
227784,29
227848,27
227912,32
227976,33
228040,27
228104,42
228168,32
228232,27
228296,32
228360,33
228424,29
228488,33
228552,28
228616,29
228680,31
228744,28
228808,28
228872,31
228936,29
229000,28
229064,30
229128,31
229192,25
229256,28
229320,32
229384,28
229448,30
229512,33
229576,30
229640,30
229704,30
229768,35
229832,35
229896,31
229960,28
230024,31
230088,35
230152,28
230216,61
230280,30
230344,39
230408,31
230472,29
230536,32
230600,32
230664,30
230728,30
230792,30
230856,28
230920,31
230984,31
231048,29
231112,40
231176,27
231240,29
231304,32
231368,31
231432,64
231496,36
231560,30
231624,32
231688,32
231752,27
231816,30
231880,28
231944,56
232008,32
232072,27
232136,25
232200,29
232264,27
232328,23
232392,24
232456,27
232520,25
232584,25
232648,30
232712,24
232776,23
232840,24
232904,27
232968,24
233032,24
233096,25
233160,29
233224,28
233288,27
233352,29
233416,26
233480,25
233544,27
233608,33
233672,30
233736,28
233800,30
233864,33
233928,56
233992,44
234056,35
234120,47
234184,28
234248,28
234312,24
234376,26
234440,27
234504,28
234568,26
234632,45
234696,25
234760,26
234824,28
234888,29
234952,24
235016,23
235080,32
235144,30
235208,33
235272,25
235336,33
235400,27
235464,27
235528,43
235592,41
235656,34
235720,31
235784,28
235848,30
235912,26
235976,50
236040,29
236104,24
236168,28
236232,28
236296,24
236360,24
236424,26
236488,29
236552,22
236616,25
236680,27
236744,24
236808,24
236872,33
236936,36
237000,31
237064,54
237128,29
237192,25
237256,27
237320,23
237384,23
237448,33
237512,28
237576,25
237640,26
237704,28
237768,24
237832,27
237896,24
237960,34
238024,27
238088,53
238152,29
238216,30
238280,25
238344,26
238408,26
238472,34
238536,29
238600,26
238664,23
238728,30
238792,24
238856,25
238920,41
238984,24
239048,25
239112,25
239176,29
239240,27
239304,25
239368,27
239432,28
239496,27
239560,30
239624,26
239688,52
239752,30
239816,24
239880,25
239944,23
240008,28
240072,31
240136,24
240200,33
240264,28
240328,27
240392,36
240456,27
240520,26
240584,24
240648,30
240712,25
240776,26
240840,32
240904,25
240968,23
241032,26
241096,29
241160,24
241224,25
241288,29
241352,32
241416,31
241480,29
241544,24
241608,23
241672,30
241736,28
241800,25
241864,27
241928,30
241992,23
242056,23
242120,24
242184,30
242248,25
242312,30
242376,34
242440,36
242504,30
242568,28
242632,24
242696,24
242760,30
242824,27
242888,23
242952,23
243016,27
243080,23
243144,23
243208,24
243272,36
243336,23
243400,23
243464,34
243528,24
243592,24
243656,24
243720,36
243784,24
243848,24
243912,28
243976,24
244040,36
244104,26
244168,26
244232,23
244296,23
244360,28
244424,24
244488,32
244552,24
244616,27
244680,26
244744,25
244808,27
244872,28
244936,30
245000,38
245064,25
245128,27
245192,23
245256,35
245320,24
245384,24
245448,30
245512,30
245576,24
245640,27
245704,27
245768,32
245832,24
245896,28
245960,27
246024,25
246088,29
246152,24
246216,23
246280,27
246344,28
246408,24
246472,23
246536,28
246600,33
246664,25
246728,24
246792,33
246856,25
246920,25
246984,63
247048,23
247112,32
247176,27
247240,24
247304,28
247368,36
247432,27
247496,30
247560,28
247624,25
247688,23
247752,31
247816,25
247880,23
247944,26
248008,31
248072,25
248136,24
248200,27
248264,27
248328,26
248392,26
248456,30
248520,26
248584,26
248648,36
248712,24
248776,24
248840,24
248904,29
248968,26
249032,25
249096,25
249160,27
249224,25
249288,26
249352,32
249416,25
249480,28
249544,31
249608,25
249672,26
249736,41
249800,26
249864,31
249928,28
249992,29
250056,24
250120,23
250184,28
250248,24
250312,25
250376,25
250440,35
250504,34
250568,24
250632,32
250696,27
250760,28
250824,27
250888,31
250952,25
251016,32
251080,25
251144,25
251208,30
251272,26
251336,33
251400,28
251464,30
251528,30
251592,24
251656,29
251720,30
251784,29
251848,31
251912,24
251976,24
252040,28
252104,28
252168,25
252232,30
252296,29
252360,38
252424,25
252488,33
252552,24
252616,25
252680,32
252744,27
252808,25
252872,25
252936,28
253000,25
253064,25
253128,26
253192,30
253256,26
253320,27
253384,28
253448,24
253512,26
253576,27
253640,27
253704,26
253768,27
253832,30
253896,27
253960,32
254024,27
254088,24
254152,24
254216,26
254280,27
254344,24
254408,27
254472,28
254536,25
254600,25
254664,24
254728,28
254792,30
254856,25
254920,30
254984,26
255048,30
255112,28
255176,26
255240,26
255304,25
255368,37
255432,34
255496,26
255560,31
255624,25
255688,28
255752,51
255816,25
255880,26
255944,28
256008,30
256072,25
256136,30
256200,26
256264,25
256328,33
256392,25
256456,29
256520,28
256584,29
256648,25
256712,25
256776,29
256840,48
256904,35
256968,27
257032,24
257096,25
257160,34
257224,26
257288,24
257352,28
257416,26
257480,44
257544,56
257608,26
257672,30
257736,25
257800,26
257864,27
257928,28
257992,25
258056,48
258120,31
258184,25
258248,25
258312,31
258376,38
258440,26
258504,28
258568,25
258632,24
258696,37
258760,33
258824,27
258888,28
258952,27
259016,26
259080,26
259144,29
259208,25
259272,26
259336,33
259400,26
259464,26
259528,30
259592,29
259656,29
259720,26
259784,28
259848,25
259912,30
259976,36
260040,27
260104,26
260168,26
260232,28
260296,27
260360,26
260424,29
260488,28
260552,26
260616,30
260680,25
260744,25
260808,28
260872,29
260936,24
261000,25
261064,29
261128,29
261192,26
261256,25
261320,32
261384,29
261448,36
261512,28
261576,32
261640,36
261704,28
261768,31
261832,26
261896,56
261960,26
262024,32
262088,25
262152,25
262216,26
262280,29
262344,35
262408,25
262472,28
262536,25
262600,28
262664,30
262728,28
262792,26
262856,30
262920,27
262984,26
263048,32
263112,28
263176,57
263240,28
263304,53
263368,29
263432,28
263496,25
263560,25
263624,30
263688,57
263752,36
263816,27
263880,27
263944,29
264008,25
264072,27
264136,29
264200,28
264264,25
264328,26
264392,29
264456,26
264520,26
264584,35
264648,26
264712,27
264776,28
264840,28
264904,45
264968,36
265032,27
265096,26
265160,27
265224,28
265288,25
265352,25
265416,30
265480,25
265544,29
265608,36
265672,25
265736,27
265800,27
265864,55
265928,26
265992,49
266056,60
266120,30
266184,26
266248,25
266312,38
266376,53
266440,32
266504,26
266568,26
266632,30
266696,26
266760,26
266824,25
266888,38
266952,29
267016,33
267080,30
267144,26
267208,27
267272,31
267336,24
267400,25
267464,35
267528,26
267592,27
267656,30
267720,28
267784,40
267848,31
267912,59
267976,34
268040,27
268104,26
268168,26
268232,31
268296,26
268360,27
268424,29
268488,32
268552,55
268616,26
268680,33
268744,29
268808,29
268872,27
268936,29
269000,30
269064,27
269128,31
269192,34
269256,26
269320,27
269384,30
269448,41
269512,33
269576,30
269640,26
269704,26
269768,31
269832,25
269896,27
269960,31
270024,29
270088,29
270152,35
270216,40
270280,27
270344,30
270408,27
270472,28
270536,27
270600,29
270664,31
270728,28
270792,28
270856,28
270920,28
270984,30
271048,26
271112,31
271176,37
271240,27
271304,26
271368,32
271432,31
271496,57
271560,29
271624,25
271688,28
271752,56
271816,28
271880,31
271944,25
272008,27
272072,27
272136,30
272200,26
272264,30
272328,31
272392,34
272456,30
272520,29
272584,27
272648,34
272712,33
272776,33
272840,29
272904,30
272968,29
273032,28
273096,30
273160,33
273224,25
273288,39
273352,28
273416,26
273480,34
273544,26
273608,27
273672,31
273736,27
273800,25
273864,52
273928,40
273992,30
274056,28
274120,40
274184,30
274248,27
274312,26
274376,26
274440,39
274504,27
274568,26
274632,32
274696,27
274760,27
274824,31
274888,30
274952,28
275016,33
275080,30
275144,36
275208,31
275272,38
275336,41
275400,33
275464,35
275528,29
275592,26
275656,26
275720,38
275784,26
275848,30
275912,28
275976,30
276040,32
276104,29
276168,29
276232,26
276296,47
276360,32
276424,50
276488,30
276552,26
276616,26
276680,45
276744,28
276808,29
276872,30
276936,47
277000,70
277064,48
277128,27
277192,27
277256,26
277320,30
277384,27
277448,32
277512,33
277576,26
277640,29
277704,30
277768,28
277832,41
277896,31
277960,49
278024,30
278088,27
278152,29
278216,30
278280,26
278344,32
278408,30
278472,29
278536,27
278600,26
278664,30
278728,25
278792,38
278856,32
278920,31
278984,26
279048,36
279112,27
279176,28
279240,32
279304,29
279368,29
279432,34
279496,30
279560,29
279624,32
279688,27
279752,26
279816,34
279880,27
279944,27
280008,31
280072,29
280136,38
280200,31
280264,26
280328,54
280392,37
280456,29
280520,47
280584,32
280648,32
280712,32
280776,50
280840,46
280904,28
280968,26
281032,31
281096,26
281160,27
281224,28
281288,34
281352,28
281416,31
281480,28
281544,31
281608,29
281672,36
281736,32
281800,34
281864,44
281928,33
281992,39
282056,44
282120,34
282184,31
282248,39
282312,55
282376,106
282440,42
282504,28
282568,28
282632,45
282696,29
282760,29
282824,35
282888,30
282952,29
283016,30
283080,30
283144,31
283208,44
283272,28
283336,34
283400,31
283464,26
283528,26
283592,29
283656,28
283720,26
283784,28
283848,31
283912,28
283976,35
284040,30
284104,26
284168,33
284232,56
284296,27
284360,32
284424,28
284488,30
284552,33
284616,28
284680,27
284744,30
284808,33
284872,58
284936,40
285000,32
285064,32
285128,28
285192,27
285256,31
285320,31
285384,27
285448,31
285512,36
285576,38
285640,31
285704,29
285768,31
285832,34
285896,33
285960,27
286024,34
286088,26
286152,28
286216,32
286280,39
286344,32
286408,35
286472,29
286536,31
286600,31
286664,27
286728,28
286792,32
286856,27
286920,27
286984,31
287048,28
287112,31
287176,39
287240,30
287304,60
287368,31
287432,49
287496,32
287560,27
287624,27
287688,31
287752,31
287816,29
287880,31
287944,26
288008,29
288072,31
288136,31
288200,28
288264,36
288328,31
288392,30
288456,31
288520,26
288584,27
288648,36
288712,28
288776,27
288840,31
288904,34
288968,27
289032,38
289096,31
289160,26
289224,33
289288,42
289352,30
289416,32
289480,30
289544,33
289608,32
289672,27
289736,26
289800,32
289864,28
289928,30
289992,44
290056,30
290120,28
290184,34
290248,27
290312,35
290376,32
290440,29
290504,30
290568,31
290632,31
290696,31
290760,33
290824,29
290888,36
290952,33
291016,28
291080,28
291144,33
291208,29
291272,29
291336,34
291400,31
291464,29
291528,32
291592,27
291656,28
291720,34
291784,28
291848,28
291912,34
291976,27
292040,29
292104,41
292168,36
292232,32
292296,31
292360,27
292424,28
292488,33
292552,62
292616,34
292680,30
292744,29
292808,32
292872,28
292936,33
293000,38
293064,28
293128,29
293192,33
293256,28
293320,35
293384,35
293448,35
293512,29
293576,35
293640,30
293704,28
293768,36
293832,28
293896,28
293960,34
294024,30
294088,29
294152,31
294216,29
294280,45
294344,37
294408,28
294472,30
294536,30
294600,27
294664,29
294728,34
294792,31
294856,29
294920,31
294984,33
295048,39
295112,28
295176,29
295240,28
295304,31
295368,29
295432,29
295496,32
295560,33
295624,28
295688,32
295752,28
295816,33
295880,33
295944,28
296008,28
296072,39
296136,35
296200,35
296264,33
296328,33
296392,32
296456,44
296520,32
296584,32
296648,29
296712,28
296776,33
296840,29
296904,29
296968,34
297032,31
297096,34
297160,33
297224,41
297288,41
297352,41
297416,40
297480,43
297544,64
297608,62
297672,78
297736,43
297800,43
297864,32
297928,36
297992,32
298056,28
298120,59
298184,28
298248,31
298312,33
298376,39
298440,33
298504,36
298568,31
298632,29
298696,28
298760,29
298824,33
298888,35
298952,31
299016,32
299080,93
299144,35
299208,37
299272,33
299336,37
299400,37
299464,40
299528,35
299592,42
299656,33
299720,45
299784,32
299848,36
299912,36
299976,36
300040,37
300104,66
300168,42
300232,49
300296,57
300360,55
300424,52
300488,37
300552,32
300616,30
300680,56
300744,31
300808,29
300872,32
300936,28
301000,30
301064,33
301128,31
301192,30
301256,33
301320,29
301384,28
301448,32
301512,36
301576,39
301640,29
301704,29
301768,34
301832,31
301896,34
301960,38
302024,27
302088,33
302152,32
302216,30
302280,28
302344,39
302408,27
302472,28
302536,34
302600,31
302664,30
302728,33
302792,34
302856,55
302920,30
302984,28
303048,33
303112,30
303176,28
303240,33
303304,29
303368,34
303432,32
303496,31
303560,32
303624,33
303688,29
303752,29
303816,34
303880,27
303944,27
304008,33
304072,56
304136,32
304200,28
304264,29
304328,32
304392,29
304456,29
304520,31
304584,35
304648,36
304712,34
304776,31
304840,28
304904,31
304968,29
305032,29
305096,47
305160,29
305224,28
305288,32
305352,28
305416,28
305480,56
305544,40
305608,37
305672,28
305736,28
305800,32
305864,27
305928,28
305992,32
306056,28
306120,30
306184,39
306248,35
306312,29
306376,43
306440,29
306504,28
306568,31
306632,29
306696,31
306760,33
306824,28
306888,29
306952,32
307016,29
307080,29
307144,32
307208,34
307272,30
307336,32
307400,28
307464,29
307528,34
307592,29
307656,30
307720,33
307784,31
307848,29
307912,33
307976,29
308040,29
308104,32
308168,28
308232,30
308296,58
308360,30
308424,32
308488,28
308552,30
308616,33
308680,28
308744,29
308808,32
308872,35
308936,29
309000,32
309064,29
309128,29
309192,34
309256,34
309320,34
309384,33
309448,28
309512,31
309576,33
309640,34
309704,32
309768,52
309832,41
309896,33
309960,29
310024,29
310088,33
310152,31
310216,32
310280,40
310344,29
310408,30
310472,31
310536,31
310600,32
310664,30
310728,28
310792,41
310856,37
310920,32
310984,36
311048,33
311112,33
311176,34
311240,35
311304,35
311368,31
311432,28
311496,33
311560,31
311624,35
311688,33
311752,31
311816,30
311880,34
311944,38
312008,39
312072,38
312136,34
312200,39
312264,35
312328,30
312392,37
312456,40
312520,39
312584,32
312648,30
312712,33
312776,29
312840,41
312904,33
312968,29
313032,28
313096,34
313160,41
313224,35
313288,36
313352,31
313416,34
313480,30
313544,33
313608,32
313672,31
313736,29
313800,59
313864,30
313928,35
313992,31
314056,39
314120,37
314184,28
314248,28
314312,32
314376,29
314440,28
314504,67
314568,31
314632,33
314696,40
314760,33
314824,29
314888,29
314952,33
315016,34
315080,31
315144,35
315208,32
315272,29
315336,33
315400,30
315464,34
315528,32
315592,32
315656,30
315720,32
315784,29
315848,30
315912,34
315976,29
316040,29
316104,33
316168,30
316232,30
316296,58
316360,29
316424,32
316488,56
316552,39
316616,30
316680,28
316744,32
316808,30
316872,34
316936,43
317000,30
317064,37
317128,30
317192,30
317256,38
317320,32
317384,29
317448,67
317512,43
317576,32
317640,29
317704,30
317768,31
317832,31
317896,38
317960,34
318024,34
318088,34
318152,30
318216,30
318280,33
318344,30
318408,31
318472,33
318536,30
318600,31
318664,34
318728,56
318792,35
318856,32
318920,32
318984,33
319048,30
319112,34
319176,31
319240,34
319304,35
319368,29
319432,39
319496,34
319560,29
319624,29
319688,43
319752,32
319816,34
319880,30
319944,30
